tournament_id,name,starttime,url,source
90517732,Østkanten Ranking 7,2026-10-04T13:00:00Z,https://cuescore.com/tournament/%C3%98stkanten+Ranking+7/90517732,ostkanten
90069547,Østkanten Ranking 6,2026-09-27T13:00:00Z,https://cuescore.com/tournament/%C3%98stkanten+Ranking+6/90069547,ostkanten
89620186,Østkanten Ranking 5,2026-09-20T13:00:00Z,https://cuescore.com/tournament/%C3%98stkanten+Ranking+5/89620186,ostkanten
88744567,Østkanten Ranking 4,2026-09-13T13:00:00Z,https://cuescore.com/tournament/%C3%98stkanten+Ranking+4/88744567,ostkanten
88574677,Østkanten Ranking 3,2026-09-06T13:00:00Z,https://cuescore.com/tournament/%C3%98stkanten+Ranking+3/88574677,ostkanten
87274081,Østkanten Ranking 2,2026-08-30T13:00:00Z,https://cuescore.com/tournament/%C3%98stkanten+Ranking+2/87274081,ostkanten
86999578,Østkanten Ranking 1,2026-08-23T13:00:00Z,https://cuescore.com/tournament/%C3%98stkanten+Ranking+1/86999578,ostkanten
86531425,Jackpot Sunday Funday,2026-08-16T13:00:00Z,https://cuescore.com/tournament/Jackpot+Sunday+Funday/86531425,ostkanten
86329798,Sunday funday + Jackpot,2026-08-09T13:00:00Z,https://cuescore.com/tournament/Sunday+funday+%252B+Jackpot/86329798,ostkanten
85381009,Sunday Funday 8-ball,2026-07-26T13:00:00Z,https://cuescore.com/tournament/Sunday+Funday+8-ball/85381009,ostkanten
85112233,Sunday funday,2026-07-19T13:00:00Z,https://cuescore.com/tournament/Sunday+funday/85112233,ostkanten
84286750,Summer Sunday fun day 1,2026-06-28T14:50:00Z,https://cuescore.com/tournament/Summer+Sunday+fun+day+1/84286750,ostkanten
83917687,Østkanten 40,2026-06-21T13:05:00Z,https://cuescore.com/tournament/%C3%98stkanten+40/83917687,ostkanten
83590732,Østkanten 39,2026-06-14T13:00:00Z,https://cuescore.com/tournament/%C3%98stkanten+39/83590732,ostkanten
82962265,Østkanten 38,2026-06-07T13:00:00Z,https://cuescore.com/tournament/%C3%98stkanten+38/82962265,ostkanten
82517524,Østkanten 37,2026-05-31T13:00:00Z,https://cuescore.com/tournament/%C3%98stkanten+37/82517524,ostkanten
81393031,Østkanten 36,2026-05-10T13:15:00Z,https://cuescore.com/tournament/%C3%98stkanten+36/81393031,ostkanten
80884675,Østkanten 35,2026-05-03T13:00:00Z,https://cuescore.com/tournament/%C3%98stkanten+35/80884675,ostkanten
80565019,Østkanten 34,2026-04-26T13:00:00Z,https://cuescore.com/tournament/%C3%98stkanten+34/80565019,ostkanten
80307331,Østkanten 33,2026-04-19T13:05:00Z,https://cuescore.com/tournament/%C3%98stkanten+33/80307331,ostkanten
80021833,Østkanten 32,2026-04-12T13:00:00Z,https://cuescore.com/tournament/%C3%98stkanten+32/80021833,ostkanten
79733461,Sunday Funday,2026-04-05T13:10:00Z,https://cuescore.com/tournament/Sunday+Funday/79733461,ostkanten
79259698,Østkanten 31,2026-03-29T13:00:00Z,https://cuescore.com/tournament/%C3%98stkanten+31/79259698,ostkanten
78868132,Østkanten 30,2026-03-22T14:10:00Z,https://cuescore.com/tournament/%C3%98stkanten+30/78868132,ostkanten
78551584,Østkanten 29,2026-03-15T14:00:00Z,https://cuescore.com/tournament/%C3%98stkanten+29/78551584,ostkanten
77993731,Østkanten 28,2026-03-08T14:00:00Z,https://cuescore.com/tournament/%C3%98stkanten+28/77993731,ostkanten
77448694,Østkanten 27,2026-03-01T14:15:00Z,https://cuescore.com/tournament/%C3%98stkanten+27/77448694,ostkanten
77135425,Østkanten 26,2026-02-22T14:00:00Z,https://cuescore.com/tournament/%C3%98stkanten+26/77135425,ostkanten
76261846,Østkanten 25,2026-02-15T14:00:00Z,https://cuescore.com/tournament/%C3%98stkanten+25/76261846,ostkanten
75811672,Østkanten 24,2026-02-08T14:00:00Z,https://cuescore.com/tournament/%C3%98stkanten+24/75811672,ostkanten
75636859,Østkanten 23,2026-02-01T14:10:00Z,https://cuescore.com/tournament/%C3%98stkanten+23/75636859,ostkanten
74915695,Østkanten 22,2026-01-25T14:00:00Z,https://cuescore.com/tournament/%C3%98stkanten+22/74915695,ostkanten
74915128,Østkanten 21,2026-01-18T14:05:00Z,https://cuescore.com/tournament/%C3%98stkanten+21/74915128,ostkanten
74468596,Østkanten 20,2026-01-11T14:00:00Z,https://cuescore.com/tournament/%C3%98stkanten+20/74468596,ostkanten
74369860,Østkanten 19,2026-01-04T14:10:00Z,https://cuescore.com/tournament/%C3%98stkanten+19/74369860,ostkanten
73885720,Førjulskos på Cue,2025-12-21T15:45:00Z,https://cuescore.com/tournament/F%C3%B8rjulskos+p%C3%A5+Cue/73885720,ostkanten
73592353,Østkanten 18,2025-12-14T14:00:00Z,https://cuescore.com/tournament/%C3%98stkanten+18/73592353,ostkanten
73357561,Østkanten 17,2025-12-07T14:00:00Z,https://cuescore.com/tournament/%C3%98stkanten+17/73357561,ostkanten
73025482,Østkanten 16,2025-11-30T14:05:00Z,https://cuescore.com/tournament/%C3%98stkanten+16/73025482,ostkanten
72827821,Østkanten 15,2025-11-23T14:00:00Z,https://cuescore.com/tournament/%C3%98stkanten+15/72827821,ostkanten
72448630,Østkanten 14,2025-11-16T14:10:00Z,https://cuescore.com/tournament/%C3%98stkanten+14/72448630,ostkanten
72004258,Østkanten 13,2025-11-09T14:00:00Z,https://cuescore.com/tournament/%C3%98stkanten+13/72004258,ostkanten
71491312,Østkanten 12,2025-11-02T14:00:00Z,https://cuescore.com/tournament/%C3%98stkanten+12/71491312,ostkanten
71140039,Østkanten 11,2025-10-26T14:10:00Z,https://cuescore.com/tournament/%C3%98stkanten+11/71140039,ostkanten
70524718,Østkanten 10,2025-10-19T13:00:00Z,https://cuescore.com/tournament/%C3%98stkanten+10/70524718,ostkanten
69302875,Østkanten 9,2025-10-12T13:05:00Z,https://cuescore.com/tournament/%C3%98stkanten+9/69302875,ostkanten
69299725,Østkanten 8,2025-10-05T13:00:00Z,https://cuescore.com/tournament/%C3%98stkanten+8/69299725,ostkanten
69097900,Østkanten 7,2025-09-28T13:00:00Z,https://cuescore.com/tournament/%C3%98stkanten+7/69097900,ostkanten
68609491,Østkanten 6,2025-09-21T13:00:00Z,https://cuescore.com/tournament/%C3%98stkanten+6/68609491,ostkanten
67548325,Østkanten 5,2025-09-14T13:00:00Z,https://cuescore.com/tournament/%C3%98stkanten+5/67548325,ostkanten
67201087,Østkanten 4,2025-09-07T13:27:00Z,https://cuescore.com/tournament/%C3%98stkanten+4/67201087,ostkanten
66285856,Østkanten 3,2025-08-31T13:05:00Z,https://cuescore.com/tournament/%C3%98stkanten+3/66285856,ostkanten
65937940,Østkanten 2,2025-08-24T13:05:00Z,https://cuescore.com/tournament/%C3%98stkanten+2/65937940,ostkanten
65237776,Østkanten 1,2025-08-17T13:10:00Z,https://cuescore.com/tournament/%C3%98stkanten+1/65237776,ostkanten
62935777,Sundayfunday,2025-06-29T14:15:00Z,https://cuescore.com/tournament/Sundayfunday/62935777,ostkanten
62610811,1-rack sommeravslutning,2025-06-22T16:00:00Z,https://cuescore.com/tournament/1-rack+sommeravslutning/62610811,ostkanten
62570770,Eastside Ball 43,2025-06-22T13:00:00Z,https://cuescore.com/tournament/Eastside+Ball+43/62570770,ostkanten
62222641,Eastside Ball 42,2025-06-15T13:15:00Z,https://cuescore.com/tournament/Eastside+Ball+42/62222641,ostkanten
60200197,Eastside Ball 39,2025-05-25T13:10:00Z,https://cuescore.com/tournament/Eastside+Ball+39/60200197,ostkanten
60199909,Eastside Ball 38,2025-05-18T13:00:00Z,https://cuescore.com/tournament/Eastside+Ball+38/60199909,ostkanten
60199789,Eastside Ball 37,2025-05-11T13:00:00Z,https://cuescore.com/tournament/Eastside+Ball+37/60199789,ostkanten
59086693,Eastside Ball 36,2025-05-04T13:00:00Z,https://cuescore.com/tournament/Eastside+Ball+36/59086693,ostkanten
59086639,Eastside Ball 35,2025-04-27T13:00:00Z,https://cuescore.com/tournament/Eastside+Ball+35/59086639,ostkanten
58002910,Eastside Ball 34,2025-04-20T13:00:00Z,https://cuescore.com/tournament/Eastside+Ball+34/58002910,ostkanten
58002898,Eastside Ball 33,2025-04-13T13:15:00Z,https://cuescore.com/tournament/Eastside+Ball+33/58002898,ostkanten
58001857,Eastside Ball 32,2025-04-06T13:00:00Z,https://cuescore.com/tournament/Eastside+Ball+32/58001857,ostkanten
58001731,Eastside Ball 31,2025-03-30T13:15:00Z,https://cuescore.com/tournament/Eastside+Ball+31/58001731,ostkanten
56680135,Eastside Ball 30,2025-03-23T14:15:00Z,https://cuescore.com/tournament/Eastside+Ball+30/56680135,ostkanten
56680093,Eastside Ball 29,2025-03-16T14:05:00Z,https://cuescore.com/tournament/Eastside+Ball+29/56680093,ostkanten
56666032,Eastside Ball 28,2025-03-09T14:00:00Z,https://cuescore.com/tournament/Eastside+Ball+28/56666032,ostkanten
56304628,Eastside Ball 27,2025-03-02T14:00:00Z,https://cuescore.com/tournament/Eastside+Ball+27/56304628,ostkanten
55926937,Eastside Ball 26,2025-02-23T14:10:00Z,https://cuescore.com/tournament/Eastside+Ball+26/55926937,ostkanten
55710439,Eastside Ball 25,2025-02-16T14:10:00Z,https://cuescore.com/tournament/Eastside+Ball+25/55710439,ostkanten
54965779,Eastside Ball 24,2025-02-09T14:10:00Z,https://cuescore.com/tournament/Eastside+Ball+24/54965779,ostkanten
53387704,Eastside Ball 23,2025-02-02T14:00:00Z,https://cuescore.com/tournament/Eastside+Ball+23/53387704,ostkanten
53387287,Eastside Ball 22,2025-01-26T14:15:00Z,https://cuescore.com/tournament/Eastside+Ball+22/53387287,ostkanten
53387008,Eastside Ball 21,2025-01-19T14:00:00Z,https://cuescore.com/tournament/Eastside+Ball+21/53387008,ostkanten
53386990,Eastside Ball 20,2025-01-12T14:00:00Z,https://cuescore.com/tournament/Eastside+Ball+20/53386990,ostkanten
53280415,Eastside Ball 19,2025-01-05T14:00:00Z,https://cuescore.com/tournament/Eastside+Ball+19/53280415,ostkanten
52748347,Eastside Ball 18,2024-12-15T14:00:00Z,https://cuescore.com/tournament/Eastside+Ball+18/52748347,ostkanten
52550014,Eastside Ball 17,2024-12-08T14:00:00Z,https://cuescore.com/tournament/Eastside+Ball+17/52550014,ostkanten
51958888,Eastside Ball 16,2024-12-01T14:10:00Z,https://cuescore.com/tournament/Eastside+Ball+16/51958888,ostkanten
51698593,Eastside Ball 15,2024-11-24T14:05:00Z,https://cuescore.com/tournament/Eastside+Ball+15/51698593,ostkanten
51698575,Eastside Ball 14,2024-11-17T14:00:00Z,https://cuescore.com/tournament/Eastside+Ball+14/51698575,ostkanten
51698554,Eastside Ball 13,2024-11-10T14:00:00Z,https://cuescore.com/tournament/Eastside+Ball+13/51698554,ostkanten
50545414,Eastside Ball 12,2024-11-03T14:00:00Z,https://cuescore.com/tournament/Eastside+Ball+12/50545414,ostkanten
50544637,Eastside Ball 11,2024-10-27T14:00:00Z,https://cuescore.com/tournament/Eastside+Ball+11/50544637,ostkanten
50544604,Eastside Ball 10,2024-10-20T13:00:00Z,https://cuescore.com/tournament/Eastside+Ball+10/50544604,ostkanten
50544358,Eastside Ball 9,2024-10-13T13:00:00Z,https://cuescore.com/tournament/Eastside+Ball+9/50544358,ostkanten
49245919,Eastside Ball 8,2024-10-06T13:05:00Z,https://cuescore.com/tournament/Eastside+Ball+8/49245919,ostkanten
49245886,Eastside Ball 7,2024-09-29T13:00:00Z,https://cuescore.com/tournament/Eastside+Ball+7/49245886,ostkanten
49245760,Eastside Ball 6,2024-09-22T13:00:00Z,https://cuescore.com/tournament/Eastside+Ball+6/49245760,ostkanten
48211264,Eastside Ball 5,2024-09-15T13:00:00Z,https://cuescore.com/tournament/Eastside+Ball+5/48211264,ostkanten
47865298,Eastside Ball 3,2024-09-01T13:00:00Z,https://cuescore.com/tournament/Eastside+Ball+3/47865298,ostkanten
47328007,Eastside Ball 2,2024-08-25T13:00:00Z,https://cuescore.com/tournament/Eastside+Ball+2/47328007,ostkanten
46173055,Eastside Ball 1,2024-08-18T13:00:00Z,https://cuescore.com/tournament/Eastside+Ball+1/46173055,ostkanten
46938565,En siste sommerlek på Cue,2024-08-11T13:00:00Z,https://cuescore.com/tournament/En+siste+sommerlek+p%C3%A5+Cue/46938565,ostkanten
44850076,Sommerlek på Cue,2024-06-30T14:00:00Z,https://cuescore.com/tournament/Sommerlek+p%C3%A5+Cue/44850076,ostkanten
44260939,EASTSIDE BALL 36 2023/24,2024-06-16T13:05:00Z,https://cuescore.com/tournament/EASTSIDE+BALL+36+2023%252F24/44260939,ostkanten
43948882,EASTSIDE BALL 35 2023/24,2024-06-09T13:00:00Z,https://cuescore.com/tournament/EASTSIDE+BALL+35+2023%252F24/43948882,ostkanten
43656025,EASTSIDE BALL 34 2023/24,2024-06-02T13:00:00Z,https://cuescore.com/tournament/EASTSIDE+BALL+34+2023%252F24/43656025,ostkanten
43228003,EASTSIDE BALL 33 2023/24,2024-05-26T13:05:00Z,https://cuescore.com/tournament/EASTSIDE+BALL+33+2023%252F24/43228003,ostkanten
43037926,EASTSIDE BALL 32 2023/24,2024-05-19T13:00:00Z,https://cuescore.com/tournament/EASTSIDE+BALL+32+2023%252F24/43037926,ostkanten
42728875,EASTSIDE BALL 31 2023/24,2024-05-12T13:00:00Z,https://cuescore.com/tournament/EASTSIDE+BALL+31+2023%252F24/42728875,ostkanten
42567931,EASTSIDE BALL 30 2023/24,2024-05-05T13:00:00Z,https://cuescore.com/tournament/EASTSIDE+BALL+30+2023%252F24/42567931,ostkanten
42257338,EASTSIDE BALL 29 2023/24,2024-04-28T13:00:00Z,https://cuescore.com/tournament/EASTSIDE+BALL+29+2023%252F24/42257338,ostkanten
42202297,Christians onerack,2024-04-21T18:30:00Z,https://cuescore.com/tournament/Christians+onerack/42202297,ostkanten
42031840,EASTSIDE BALL 28 2023/24,2024-04-21T13:15:00Z,https://cuescore.com/tournament/EASTSIDE+BALL+28+2023%252F24/42031840,ostkanten
41656723,EASTSIDE BALL 27 2023/24,2024-04-14T13:00:00Z,https://cuescore.com/tournament/EASTSIDE+BALL+27+2023%252F24/41656723,ostkanten
41439583,EASTSIDE BALL 26 2023/24,2024-04-07T13:00:00Z,https://cuescore.com/tournament/EASTSIDE+BALL+26+2023%252F24/41439583,ostkanten
41006224,EASTSIDE BALL 25 2023/24,2024-03-24T14:00:00Z,https://cuescore.com/tournament/EASTSIDE+BALL+25+2023%252F24/41006224,ostkanten
40716280,EASTSIDE BALL 24 2023/24,2024-03-17T14:10:00Z,https://cuescore.com/tournament/EASTSIDE+BALL+24+2023%252F24/40716280,ostkanten
40598671,EASTSIDE BALL 23 2023/24,2024-03-10T14:00:00Z,https://cuescore.com/tournament/EASTSIDE+BALL+23+2023%252F24/40598671,ostkanten
40438699,One rack baby,2024-03-03T21:00:00Z,https://cuescore.com/tournament/One+rack+baby/40438699,ostkanten
40341721,EASTSIDE BALL 22 2023/24,2024-03-03T14:05:00Z,https://cuescore.com/tournament/EASTSIDE+BALL+22+2023%252F24/40341721,ostkanten
40193677,EASTSIDE BALL 21 2023/24,2024-02-25T14:00:00Z,https://cuescore.com/tournament/EASTSIDE+BALL+21+2023%252F24/40193677,ostkanten
39166891,EASTSIDE BALL 20 2023/24,2024-02-18T14:10:00Z,https://cuescore.com/tournament/EASTSIDE+BALL+20+2023%252F24/39166891,ostkanten
38729155,SUNDAY FUNDAY,2024-02-11T14:45:00Z,https://cuescore.com/tournament/SUNDAY+FUNDAY/38729155,ostkanten
37685038,EASTSIDE BALL 19 2023/24,2024-02-04T14:00:00Z,https://cuescore.com/tournament/EASTSIDE+BALL+19+2023%252F24/37685038,ostkanten
37683943,EASTSIDE BALL 18 2023/24,2024-01-28T14:15:00Z,https://cuescore.com/tournament/EASTSIDE+BALL+18+2023%252F24/37683943,ostkanten
37227664,EASTSIDE BALL 17 2023/24,2024-01-21T14:30:00Z,https://cuescore.com/tournament/EASTSIDE+BALL+17+2023%252F24/37227664,ostkanten
36600268,EASTSIDE BALL 16 2023/24,2024-01-07T14:00:00Z,https://cuescore.com/tournament/EASTSIDE+BALL+16+2023%252F24/36600268,ostkanten
34734052,EASTSIDE CHRISTMAS BALL,2023-12-29T14:00:00Z,https://cuescore.com/tournament/EASTSIDE+CHRISTMAS+BALL/34734052,ostkanten
35925604,EASTSIDE BALL 15 2023/24,2023-12-10T14:00:00Z,https://cuescore.com/tournament/EASTSIDE+BALL+15+2023%252F24/35925604,ostkanten
35566969,EASTSIDE BALL 14  2023/24,2023-12-03T14:00:00Z,https://cuescore.com/tournament/EASTSIDE+BALL+14++2023%252F24/35566969,ostkanten
35553040,EASTSIDE BALL HØST 13 2023/24,2023-11-26T14:40:00Z,https://cuescore.com/tournament/EASTSIDE+BALL+H%C3%98ST+13+2023%252F24/35553040,ostkanten
35260294,One rack baby 2,2023-11-19T20:30:00Z,https://cuescore.com/tournament/One+rack+baby+2/35260294,ostkanten
35257933,One rack baby!,2023-11-19T19:00:00Z,https://cuescore.com/tournament/One+rack+baby%21/35257933,ostkanten
34907152,EASTSIDE BALL HØST 11 2023/24,2023-11-12T14:00:00Z,https://cuescore.com/tournament/EASTSIDE+BALL+H%C3%98ST+11+2023%252F24/34907152,ostkanten
34442710,EASTSIDE BALL HØST 10 2023/24,2023-11-05T14:05:00Z,https://cuescore.com/tournament/EASTSIDE+BALL+H%C3%98ST+10+2023%252F24/34442710,ostkanten
34325830,EASTSIDE BALL 9 HØST 2023/24,2023-10-29T14:00:00Z,https://cuescore.com/tournament/EASTSIDE+BALL+9+H%C3%98ST+2023%252F24/34325830,ostkanten
34176316,EASTSIDE BALL HØST 8 2023/24,2023-10-22T13:30:00Z,https://cuescore.com/tournament/EASTSIDE+BALL+H%C3%98ST+8+2023%252F24/34176316,ostkanten
33922105,EASTSIDE BALL HØST 7 2023/24,2023-10-15T13:15:00Z,https://cuescore.com/tournament/EASTSIDE+BALL+H%C3%98ST+7+2023%252F24/33922105,ostkanten
33682282,Eastside Ball Høst 6 2023/24,2023-10-08T13:00:00Z,https://cuescore.com/tournament/Eastside+Ball+H%C3%B8st+6+2023%252F24/33682282,ostkanten
33140005,Eastside Ball Høst 5  2023/24,2023-10-01T13:00:00Z,https://cuescore.com/tournament/Eastside+Ball+H%C3%B8st+5++2023%252F24/33140005,ostkanten
32950462,Eastside Ball Høst 4  2023/24,2023-09-24T13:30:00Z,https://cuescore.com/tournament/Eastside+Ball+H%C3%B8st+4++2023%252F24/32950462,ostkanten
32419684,Eastside ball 3 høst 2023/24,2023-09-17T13:15:00Z,https://cuescore.com/tournament/Eastside+ball+3+h%C3%B8st+2023%252F24/32419684,ostkanten
31726498,Makaroni Kopp Qualifier,2023-09-16T13:30:00Z,https://cuescore.com/tournament/Makaroni+Kopp+Qualifier/31726498,ostkanten
31863193,Eastside ball 2 høst 2023/24,2023-09-10T13:15:00Z,https://cuescore.com/tournament/Eastside+ball+2+h%C3%B8st+2023%252F24/31863193,ostkanten
31362274,Eastside ball 1 høst 2023/24,2023-09-03T13:00:00Z,https://cuescore.com/tournament/Eastside+ball+1+h%C3%B8st+2023%252F24/31362274,ostkanten
30925927,Sunday Funday @ Cue Bar & Biljard,2023-08-27T13:30:00Z,https://cuescore.com/tournament/Sunday+Funday+%40+Cue+Bar+%2526+Biljard/30925927,ostkanten
29018557,Sunday funday @ Cue Bar & Biljard,2023-06-18T13:00:00Z,https://cuescore.com/tournament/Sunday+funday+%40+Cue+Bar+%2526+Biljard/29018557,ostkanten
28815901,Sunday Funday with ØBK @ Cue Bar & Biljard,2023-06-11T13:00:00Z,https://cuescore.com/tournament/Sunday+Funday+with+%C3%98BK+%40+Cue+Bar+%2526+Biljard/28815901,ostkanten
28679881,Sunday Funday @ Cue Bar & Biljard,2023-06-04T13:00:00Z,https://cuescore.com/tournament/Sunday+Funday+%40+Cue+Bar+%2526+Biljard/28679881,ostkanten
28177945,Sunday Funday @ Cue Bar & Biljard,2023-05-21T13:00:00Z,https://cuescore.com/tournament/Sunday+Funday+%40+Cue+Bar+%2526+Biljard/28177945,ostkanten
27239107,Sunday Funday with ØBK @ Cue Bar & Biljard,2023-05-14T13:00:00Z,https://cuescore.com/tournament/Sunday+Funday+with+%C3%98BK+%40+Cue+Bar+%2526+Biljard/27239107,ostkanten
27239116,Sunday Funday with ØBK @ Cue Bar & Biljard,2023-05-07T13:00:00Z,https://cuescore.com/tournament/Sunday+Funday+with+%C3%98BK+%40+Cue+Bar+%2526+Biljard/27239116,ostkanten
27238897,Sunday funday @ Cue Bar & Biljard,2023-04-30T13:30:00Z,https://cuescore.com/tournament/Sunday+funday+%40+Cue+Bar+%2526+Biljard/27238897,ostkanten
27094348,Sunday Funday @ Cue Bar & Biljard,2023-04-23T15:45:00Z,https://cuescore.com/tournament/Sunday+Funday+%40+Cue+Bar+%2526+Biljard/27094348,ostkanten
26658643,Sunday Funday @ Cue Bar & Biljard,2023-04-16T13:00:00Z,https://cuescore.com/tournament/Sunday+Funday+%40+Cue+Bar+%2526+Biljard/26658643,ostkanten
26446711,Sunday Funday @ Cue Bar & Biljard,2023-04-09T13:30:00Z,https://cuescore.com/tournament/Sunday+Funday+%40+Cue+Bar+%2526+Biljard/26446711,ostkanten
26353120,Sunday Funday with ØBK @ Cue Bar & Biljard,2023-04-02T14:00:00Z,https://cuescore.com/tournament/Sunday+Funday+with+%C3%98BK+%40+Cue+Bar+%2526+Biljard/26353120,ostkanten
26101663,Sunday funday @ Cue Bar & Biljard,2023-03-26T13:15:00Z,https://cuescore.com/tournament/Sunday+funday+%40+Cue+Bar+%2526+Biljard/26101663,ostkanten
25982983,Sunday Funday @ Cue Bar & Biljard,2023-03-19T14:30:00Z,https://cuescore.com/tournament/Sunday+Funday+%40+Cue+Bar+%2526+Biljard/25982983,ostkanten
25757989,Sunday Funday @ Cue Bar & Biljard,2023-03-12T14:30:00Z,https://cuescore.com/tournament/Sunday+Funday+%40+Cue+Bar+%2526+Biljard/25757989,ostkanten
25510189,Sunday Funday with ØBK @ Cue Bar & Biljard,2023-03-05T14:30:00Z,https://cuescore.com/tournament/Sunday+Funday+with+%C3%98BK+%40+Cue+Bar+%2526+Biljard/25510189,ostkanten
24974944,Sunday Funday @ Cue Bar & Biljard,2023-02-26T15:00:00Z,https://cuescore.com/tournament/Sunday+Funday+%40+Cue+Bar+%2526+Biljard/24974944,ostkanten
24683197,Sunday funday @ Cue Bar & Biljard,2023-02-19T14:00:00Z,https://cuescore.com/tournament/Sunday+funday+%40+Cue+Bar+%2526+Biljard/24683197,ostkanten
24683023,Sunday funday @ Cue Bar & Biljard,2023-02-12T14:15:00Z,https://cuescore.com/tournament/Sunday+funday+%40+Cue+Bar+%2526+Biljard/24683023,ostkanten
23440450,Sunday Funday with ØBK @ Cue Bar & Biljard,2023-02-05T14:00:00Z,https://cuescore.com/tournament/Sunday+Funday+with+%C3%98BK+%40+Cue+Bar+%2526+Biljard/23440450,ostkanten
21823603,Sunday Funday with ØBK at Cue Bar & Biljard,2023-01-29T15:00:00Z,https://cuescore.com/tournament/Sunday+Funday+with+%C3%98BK+at+Cue+Bar+%2526+Biljard/21823603,ostkanten
21658657,Sunday Funday with ØBK @ Cue Bar & Biljard,2023-01-22T14:01:00Z,https://cuescore.com/tournament/Sunday+Funday+with+%C3%98BK+%40+Cue+Bar+%2526+Biljard/21658657,ostkanten
21458584,Sunday Funday with ØBK at Cue Bar & Biljard,2023-01-15T14:01:00Z,https://cuescore.com/tournament/Sunday+Funday+with+%C3%98BK+at+Cue+Bar+%2526+Biljard/21458584,ostkanten
20502433,Sunday Funday with ØBK at Cue Bar & Biljard,2022-12-11T14:00:00Z,https://cuescore.com/tournament/Sunday+Funday+with+%C3%98BK+at+Cue+Bar+%2526+Biljard/20502433,ostkanten
20502418,Sunday Funday with ØBK at Cue Bar & Biljard,2022-12-04T14:00:00Z,https://cuescore.com/tournament/Sunday+Funday+with+%C3%98BK+at+Cue+Bar+%2526+Biljard/20502418,ostkanten
20502412,Sunday Funday with ØBK at Cue Bar & Biljard,2022-11-27T14:15:00Z,https://cuescore.com/tournament/Sunday+Funday+with+%C3%98BK+at+Cue+Bar+%2526+Biljard/20502412,ostkanten
20339464,Sunday Funday with ØBK at Cue Bar & Biljard,2022-11-20T14:15:00Z,https://cuescore.com/tournament/Sunday+Funday+with+%C3%98BK+at+Cue+Bar+%2526+Biljard/20339464,ostkanten
20177692,Sunday Funday with ØBK at Cue Bar & Biljard,2022-11-13T14:00:00Z,https://cuescore.com/tournament/Sunday+Funday+with+%C3%98BK+at+Cue+Bar+%2526+Biljard/20177692,ostkanten
20018419,Sunday Funday with ØBK at Cue Bar & Biljard,2022-11-06T14:05:00Z,https://cuescore.com/tournament/Sunday+Funday+with+%C3%98BK+at+Cue+Bar+%2526+Biljard/20018419,ostkanten
18482464,Sunday Funday with ØBK at Cue Bar & Biljard,2022-10-30T14:00:00Z,https://cuescore.com/tournament/Sunday+Funday+with+%C3%98BK+at+Cue+Bar+%2526+Biljard/18482464,ostkanten
18482452,Sunday Funday with ØBK at Cue Bar & Biljard,2022-10-23T13:00:00Z,https://cuescore.com/tournament/Sunday+Funday+with+%C3%98BK+at+Cue+Bar+%2526+Biljard/18482452,ostkanten
18482425,Sunday Funday with ØBK at Cue Bar & Biljard,2022-10-16T13:08:00Z,https://cuescore.com/tournament/Sunday+Funday+with+%C3%98BK+at+Cue+Bar+%2526+Biljard/18482425,ostkanten
18482386,Sunday Funday with ØBK at Cue Bar & Biljard,2022-10-09T13:00:00Z,https://cuescore.com/tournament/Sunday+Funday+with+%C3%98BK+at+Cue+Bar+%2526+Biljard/18482386,ostkanten
18482404,Sunday Funday with ØBK at Cue Bar & Biljard,2022-10-02T13:00:00Z,https://cuescore.com/tournament/Sunday+Funday+with+%C3%98BK+at+Cue+Bar+%2526+Biljard/18482404,ostkanten
18466873,Sunday Funday with ØBK at Cue Bar & Biljard,2022-09-25T13:00:00Z,https://cuescore.com/tournament/Sunday+Funday+with+%C3%98BK+at+Cue+Bar+%2526+Biljard/18466873,ostkanten
18268693,Sunday Funday with ØBK at Cue Bar & Biljard,2022-09-18T14:45:00Z,https://cuescore.com/tournament/Sunday+Funday+with+%C3%98BK+at+Cue+Bar+%2526+Biljard/18268693,ostkanten
18119182,Sunday Funday with ØBK at Cue Bar & Biljard,2022-09-11T13:00:00Z,https://cuescore.com/tournament/Sunday+Funday+with+%C3%98BK+at+Cue+Bar+%2526+Biljard/18119182,ostkanten
17920114,Sunday Funday with ØBK at Cue Bar & Biljard,2022-09-04T13:00:00Z,https://cuescore.com/tournament/Sunday+Funday+with+%C3%98BK+at+Cue+Bar+%2526+Biljard/17920114,ostkanten
17719213,Sunday Funday at Østkanten at Cue Bar & Biljard,2022-08-28T13:00:00Z,https://cuescore.com/tournament/Sunday+Funday+at+%C3%98stkanten+at+Cue+Bar+%2526+Biljard/17719213,ostkanten
17359663,Sunday Funday by Østkanten at Cue Bar & Biljard,2022-08-21T13:00:00Z,https://cuescore.com/tournament/Sunday+Funday+by+%C3%98stkanten+at+Cue+Bar+%2526+Biljard/17359663,ostkanten
17230798,Søndag på Østkanten / Cue Bar & Biljard,2022-08-14T13:00:00Z,https://cuescore.com/tournament/S%C3%B8ndag+p%C3%A5+%C3%98stkanten+%252F+Cue+Bar+%2526+Biljard/17230798,ostkanten
17025070,Søndag på Østkanten / Cue Bar & Biljard,2022-08-07T13:15:00Z,https://cuescore.com/tournament/S%C3%B8ndag+p%C3%A5+%C3%98stkanten+%252F+Cue+Bar+%2526+Biljard/17025070,ostkanten
16923745,Søndag på Østkanten / Cue Bar & Biljard,2022-07-31T13:00:00Z,https://cuescore.com/tournament/S%C3%B8ndag+p%C3%A5+%C3%98stkanten+%252F+Cue+Bar+%2526+Biljard/16923745,ostkanten
16822168,Søndag på Østkanten / Cue Bar & Biljard,2022-07-24T13:30:00Z,https://cuescore.com/tournament/S%C3%B8ndag+p%C3%A5+%C3%98stkanten+%252F+Cue+Bar+%2526+Biljard/16822168,ostkanten
16741252,Søndag på Østkanten / Cue Bar & Biljard,2022-07-17T13:20:00Z,https://cuescore.com/tournament/S%C3%B8ndag+p%C3%A5+%C3%98stkanten+%252F+Cue+Bar+%2526+Biljard/16741252,ostkanten
16606357,NM FESTIVITIES - Shootout 3- 10ball,2022-07-11T19:23:00Z,https://cuescore.com/tournament/NM+FESTIVITIES+-+Shootout+3-+10ball/16606357,ostkanten
16606309,NM FESTIVITIES - Shootout 2 - 9ball,2022-07-11T18:20:00Z,https://cuescore.com/tournament/NM+FESTIVITIES+-+Shootout+2+-+9ball/16606309,ostkanten
16606291,NM FESTIVITIES - Shootout 1 - 8ball,2022-07-11T17:11:00Z,https://cuescore.com/tournament/NM+FESTIVITIES+-+Shootout+1+-+8ball/16606291,ostkanten
16606282,NM FESTIVITIES - Main tournament,2022-07-10T18:00:00Z,https://cuescore.com/tournament/NM+FESTIVITIES+-+Main+tournament/16606282,ostkanten
16601437,NM FESTIVITIES - Slim Cue,2022-07-09T19:00:00Z,https://cuescore.com/tournament/NM+FESTIVITIES+-+Slim+Cue/16601437,ostkanten
16598893,NM FESTIVITIES - 1 frame Shootout,2022-07-07T19:40:00Z,https://cuescore.com/tournament/NM+FESTIVITIES+-+1+frame+Shootout/16598893,ostkanten
16590688,NM FESTIVITIES - Team Tournament,2022-07-07T18:00:00Z,https://cuescore.com/tournament/NM+FESTIVITIES+-+Team+Tournament/16590688,ostkanten
16563232,Søndag på Østkanten / Cue Bar & Biljard,2022-07-03T13:15:00Z,https://cuescore.com/tournament/S%C3%B8ndag+p%C3%A5+%C3%98stkanten+%252F+Cue+Bar+%2526+Biljard/16563232,ostkanten
16529143,Shootout,2022-06-30T18:30:00Z,https://cuescore.com/tournament/Shootout/16529143,ostkanten
16417468,Søndag på Østkanten / Cue Bar & Biljard,2022-06-26T13:15:00Z,https://cuescore.com/tournament/S%C3%B8ndag+p%C3%A5+%C3%98stkanten+%252F+Cue+Bar+%2526+Biljard/16417468,ostkanten
16247509,SØNDAG PÅ ØSTKANTEN / CUE BAR & BILJARD - last 16,2022-06-12T18:00:00Z,https://cuescore.com/tournament/S%C3%98NDAG+P%C3%85+%C3%98STKANTEN+%252F+CUE+BAR+%2526+BILJARD+-+last+16/16247509,ostkanten
16236064,Søndag på Østkanten / Cue Bar & Biljard,2022-06-12T13:00:00Z,https://cuescore.com/tournament/S%C3%B8ndag+p%C3%A5+%C3%98stkanten+%252F+Cue+Bar+%2526+Biljard/16236064,ostkanten
15481183,Saturday night fever,2022-04-23T19:47:00Z,https://cuescore.com/tournament/Saturday+night+fever/15481183,ostkanten
15462622,Friday fun day,2022-04-22T16:00:00Z,https://cuescore.com/tournament/Friday+fun+day/15462622,ostkanten
15293386,Elmers absolutt siste turnering,2022-04-17T14:30:00Z,https://cuescore.com/tournament/Elmers+absolutt+siste+turnering/15293386,ostkanten
15147295,Sunday funday #13,2022-04-10T14:00:00Z,https://cuescore.com/tournament/Sunday+funday+%252313/15147295,ostkanten
14973286,Sunday funday #12,2022-04-03T14:00:00Z,https://cuescore.com/tournament/Sunday+funday+%252312/14973286,ostkanten
14676691,Sunday funday #11,2022-03-27T14:00:00Z,https://cuescore.com/tournament/Sunday+funday+%252311/14676691,ostkanten
14484919,Sunday funday #10,2022-03-20T15:15:00Z,https://cuescore.com/tournament/Sunday+funday+%252310/14484919,ostkanten
14251987,Sunday funday #9,2022-03-13T15:00:00Z,https://cuescore.com/tournament/Sunday+funday+%25239/14251987,ostkanten
14136466,Sunday fun day #8,2022-03-06T16:00:00Z,https://cuescore.com/tournament/Sunday+fun+day+%25238/14136466,ostkanten
13677856,Sunday funday #7,2022-02-27T15:10:00Z,https://cuescore.com/tournament/Sunday+funday+%25237/13677856,ostkanten
13298416,Sunday funday #6,2022-02-20T15:10:00Z,https://cuescore.com/tournament/Sunday+funday+%25236/13298416,ostkanten
12857527,Sunday funday #5,2022-02-13T15:20:00Z,https://cuescore.com/tournament/Sunday+funday+%25235/12857527,ostkanten
12469744,Sunday funday #4,2022-02-06T15:20:00Z,https://cuescore.com/tournament/Sunday+funday+%25234/12469744,ostkanten
12301264,Sunday funday #3 2022,2022-01-30T15:00:00Z,https://cuescore.com/tournament/Sunday+funday+%25233+2022/12301264,ostkanten
12174760,Sunday funday #2 2022,2022-01-23T15:00:00Z,https://cuescore.com/tournament/Sunday+funday+%25232+2022/12174760,ostkanten
12003922,Sunday funday #1 2022,2022-01-16T15:10:00Z,https://cuescore.com/tournament/Sunday+funday+%25231+2022/12003922,ostkanten
11292151,Sunday funday 15,2021-12-12T15:30:00Z,https://cuescore.com/tournament/Sunday+funday+15/11292151,ostkanten
11165209,Sunday funday 14,2021-12-05T15:30:00Z,https://cuescore.com/tournament/Sunday+funday+14/11165209,ostkanten
10952155,Sunday funday 13 + Kensis birthday celebration 🥳,2021-11-28T15:00:00Z,https://cuescore.com/tournament/Sunday+funday+13+%252B+Kensis+birthday+celebration+%F0%9F%A5%B3/10952155,ostkanten
10908523,Søndag på Østkanten,2021-11-21T15:30:00Z,https://cuescore.com/tournament/S%C3%B8ndag+p%C3%A5+%C3%98stkanten/10908523,ostkanten
10625653,Sunday funday 11,2021-11-14T15:15:00Z,https://cuescore.com/tournament/Sunday+funday+11/10625653,ostkanten
10504414,Sunday funday 10,2021-11-07T15:20:00Z,https://cuescore.com/tournament/Sunday+funday+10/10504414,ostkanten
9947674,Red Bull Elmers Open 9-ball,2021-11-06T09:30:00Z,https://cuescore.com/tournament/Red+Bull+Elmers+Open+9-ball/9947674,ostkanten
9947734,Red Bull Elmers Teams Invitational,2021-11-05T17:00:00Z,https://cuescore.com/tournament/Red+Bull+Elmers+Teams+Invitational/9947734,ostkanten
10326586,Sunday funday 9,2021-10-31T15:20:00Z,https://cuescore.com/tournament/Sunday+funday+9/10326586,ostkanten
10061044,Sunday funday 8,2021-10-17T14:30:00Z,https://cuescore.com/tournament/Sunday+funday+8/10061044,ostkanten
9938497,Sunday funday 7,2021-10-10T14:00:00Z,https://cuescore.com/tournament/Sunday+funday+7/9938497,ostkanten
9819943,Sunday funday 6,2021-10-03T14:00:00Z,https://cuescore.com/tournament/Sunday+funday+6/9819943,ostkanten
9632179,Sunday funday 5,2021-09-26T14:10:00Z,https://cuescore.com/tournament/Sunday+funday+5/9632179,ostkanten
9338602,Sunday funday 4,2021-09-19T14:15:00Z,https://cuescore.com/tournament/Sunday+funday+4/9338602,ostkanten
9289431,Sunday Funday 3,2021-09-12T14:35:00Z,https://cuescore.com/tournament/Sunday+Funday+3/9289431,ostkanten
9265048,Oslo Makaroni Kvalik,2021-09-09T16:00:00Z,https://cuescore.com/tournament/Oslo+Makaroni+Kvalik/9265048,ostkanten
9198023,Sunday at ØBK 2,2021-08-29T14:40:00Z,https://cuescore.com/tournament/Sunday+at+%C3%98BK+2/9198023,ostkanten
9164783,Sunday at ØBK #2,2021-08-22T14:45:00Z,https://cuescore.com/tournament/Sunday+at+%C3%98BK+%25232/9164783,ostkanten
9142052,Søndag på Østkanten 1,2021-08-15T15:00:00Z,https://cuescore.com/tournament/S%C3%B8ndag+p%C3%A5+%C3%98stkanten+1/9142052,ostkanten
9082192,Summer tournament Aug. 8th,2021-08-08T14:30:00Z,https://cuescore.com/tournament/Summer+tournament+Aug.+8th/9082192,ostkanten
9066003,Sommerturnering 2,2021-08-01T14:30:00Z,https://cuescore.com/tournament/Sommerturnering+2/9066003,ostkanten
9048052,Summer tournament,2021-07-25T14:30:00Z,https://cuescore.com/tournament/Summer+tournament/9048052,ostkanten
9027887,Elmers Sommerlek,2021-07-18T14:30:00Z,https://cuescore.com/tournament/Elmers+Sommerlek/9027887,ostkanten
8961763,Søndag på Østkanten,2021-06-20T14:00:00Z,https://cuescore.com/tournament/S%C3%B8ndag+p%C3%A5+%C3%98stkanten/8961763,ostkanten
8356281,9-ball uten HC på Elmers,2020-10-25T15:30:00Z,https://cuescore.com/tournament/9-ball+uten+HC+p%C3%A5+Elmers/8356281,ostkanten
8341040,Søndag på østkanten 25,2020-10-18T14:30:00Z,https://cuescore.com/tournament/S%C3%B8ndag+p%C3%A5+%C3%B8stkanten+25/8341040,ostkanten
8340942,Søndag på østkanten 24,2020-10-11T14:30:00Z,https://cuescore.com/tournament/S%C3%B8ndag+p%C3%A5+%C3%B8stkanten+24/8340942,ostkanten
8345494,Qualification for macaroni cup,2020-10-07T15:15:00Z,https://cuescore.com/tournament/Qualification+for+macaroni+cup/8345494,ostkanten
8131355,Søndag på østkanten 23,2020-10-04T14:30:00Z,https://cuescore.com/tournament/S%C3%B8ndag+p%C3%A5+%C3%B8stkanten+23/8131355,ostkanten
8128336,Søndag på østkanten 22,2020-09-27T14:30:00Z,https://cuescore.com/tournament/S%C3%B8ndag+p%C3%A5+%C3%B8stkanten+22/8128336,ostkanten
8128334,Søndag på østkanten 21,2020-09-20T14:30:00Z,https://cuescore.com/tournament/S%C3%B8ndag+p%C3%A5+%C3%B8stkanten+21/8128334,ostkanten
8128332,Søndag på østkanten 20,2020-09-13T14:20:00Z,https://cuescore.com/tournament/S%C3%B8ndag+p%C3%A5+%C3%B8stkanten+20/8128332,ostkanten
8128323,Søndag på østkanten 19,2020-09-06T14:15:00Z,https://cuescore.com/tournament/S%C3%B8ndag+p%C3%A5+%C3%B8stkanten+19/8128323,ostkanten
8073689,Søndag på Østkanten 18,2020-08-30T14:30:00Z,https://cuescore.com/tournament/S%C3%B8ndag+p%C3%A5+%C3%98stkanten+18/8073689,ostkanten
8073687,Søndag på Østkanten 17,2020-08-23T14:30:00Z,https://cuescore.com/tournament/S%C3%B8ndag+p%C3%A5+%C3%98stkanten+17/8073687,ostkanten
8095945,Elmers Open 2020 Sluttspill,2020-08-22T12:30:00Z,https://cuescore.com/tournament/Elmers+Open+2020+Sluttspill/8095945,ostkanten
8094143,Elmers open 2020 scotch dobbel,2020-08-21T17:58:00Z,https://cuescore.com/tournament/Elmers+open+2020+scotch+dobbel/8094143,ostkanten
8092266,Elmers Open 2020 Gruppe C,2020-08-20T16:00:00Z,https://cuescore.com/tournament/Elmers+Open+2020+Gruppe+C/8092266,ostkanten
8090813,Elmers Open 2020 gruppe D,2020-08-19T16:00:00Z,https://cuescore.com/tournament/Elmers+Open+2020+gruppe+D/8090813,ostkanten
8089017,Elmers Open 2020 Gruppe A,2020-08-18T16:00:00Z,https://cuescore.com/tournament/Elmers+Open+2020+Gruppe+A/8089017,ostkanten
8084222,Elmers Open 2020 Gruppe B,2020-08-17T16:00:00Z,https://cuescore.com/tournament/Elmers+Open+2020+Gruppe+B/8084222,ostkanten
8073677,Søndag på Østkanten 16,2020-08-16T14:15:00Z,https://cuescore.com/tournament/S%C3%B8ndag+p%C3%A5+%C3%98stkanten+16/8073677,ostkanten
7969347,Søndag på østkanten 15,2020-08-09T14:15:00Z,https://cuescore.com/tournament/S%C3%B8ndag+p%C3%A5+%C3%B8stkanten+15/7969347,ostkanten
7924514,Søndag på østkanten 14,2020-06-28T14:15:00Z,https://cuescore.com/tournament/S%C3%B8ndag+p%C3%A5+%C3%B8stkanten+14/7924514,ostkanten
7924452,Søndag på østkanten 13,2020-06-21T14:15:00Z,https://cuescore.com/tournament/S%C3%B8ndag+p%C3%A5+%C3%B8stkanten+13/7924452,ostkanten
7918302,Søndag på østkanten 12,2020-06-14T14:15:00Z,https://cuescore.com/tournament/S%C3%B8ndag+p%C3%A5+%C3%B8stkanten+12/7918302,ostkanten
7913345,Søndag på østkanten 11,2020-06-07T14:15:00Z,https://cuescore.com/tournament/S%C3%B8ndag+p%C3%A5+%C3%B8stkanten+11/7913345,ostkanten
7704517,Søndag på Østkanten 10,2020-03-08T15:15:00Z,https://cuescore.com/tournament/S%C3%B8ndag+p%C3%A5+%C3%98stkanten+10/7704517,ostkanten
7704459,Søndag på Østkanten 9,2020-03-01T15:30:00Z,https://cuescore.com/tournament/S%C3%B8ndag+p%C3%A5+%C3%98stkanten+9/7704459,ostkanten
7487981,Søndag på Østkanten 8,2020-02-23T15:15:00Z,https://cuescore.com/tournament/S%C3%B8ndag+p%C3%A5+%C3%98stkanten+8/7487981,ostkanten
7454788,Søndag på Østkanten 7,2020-02-16T15:15:00Z,https://cuescore.com/tournament/S%C3%B8ndag+p%C3%A5+%C3%98stkanten+7/7454788,ostkanten
7311035,Søndag på Østkanten 6,2020-02-09T15:15:00Z,https://cuescore.com/tournament/S%C3%B8ndag+p%C3%A5+%C3%98stkanten+6/7311035,ostkanten
7262184,Søndag på Østkanten 5,2020-02-02T15:15:00Z,https://cuescore.com/tournament/S%C3%B8ndag+p%C3%A5+%C3%98stkanten+5/7262184,ostkanten
7210612,Søndag på Østkanten 4,2020-01-26T15:15:00Z,https://cuescore.com/tournament/S%C3%B8ndag+p%C3%A5+%C3%98stkanten+4/7210612,ostkanten
7146639,Søndag på Østkanten 3,2020-01-19T15:30:00Z,https://cuescore.com/tournament/S%C3%B8ndag+p%C3%A5+%C3%98stkanten+3/7146639,ostkanten
7118831,Søndag på Østkanten 2,2020-01-12T15:30:00Z,https://cuescore.com/tournament/S%C3%B8ndag+p%C3%A5+%C3%98stkanten+2/7118831,ostkanten
7094056,Søndag på Østkanten 1,2020-01-05T15:15:00Z,https://cuescore.com/tournament/S%C3%B8ndag+p%C3%A5+%C3%98stkanten+1/7094056,ostkanten
6838041,Søndag på Østkanten 45,2019-12-15T15:30:00Z,https://cuescore.com/tournament/S%C3%B8ndag+p%C3%A5+%C3%98stkanten+45/6838041,ostkanten
6838037,Søndag på Østkanten 44,2019-12-08T15:15:00Z,https://cuescore.com/tournament/S%C3%B8ndag+p%C3%A5+%C3%98stkanten+44/6838037,ostkanten
6838033,Søndag på Østkanten 43,2019-12-01T15:35:00Z,https://cuescore.com/tournament/S%C3%B8ndag+p%C3%A5+%C3%98stkanten+43/6838033,ostkanten
6838031,Søndag på Østkanten 42,2019-11-24T15:15:00Z,https://cuescore.com/tournament/S%C3%B8ndag+p%C3%A5+%C3%98stkanten+42/6838031,ostkanten
6838028,Søndag på Østkanten 41,2019-11-17T15:15:00Z,https://cuescore.com/tournament/S%C3%B8ndag+p%C3%A5+%C3%98stkanten+41/6838028,ostkanten
6825918,Søndag på Østkanten 40,2019-11-10T15:15:00Z,https://cuescore.com/tournament/S%C3%B8ndag+p%C3%A5+%C3%98stkanten+40/6825918,ostkanten
6782097,Søndag på Østkanten 39,2019-11-03T15:15:00Z,https://cuescore.com/tournament/S%C3%B8ndag+p%C3%A5+%C3%98stkanten+39/6782097,ostkanten
6685047,Søndag på Østkanten 38,2019-10-27T15:15:00Z,https://cuescore.com/tournament/S%C3%B8ndag+p%C3%A5+%C3%98stkanten+38/6685047,ostkanten
6672322,Søndag på Østkanten 37,2019-10-20T14:15:00Z,https://cuescore.com/tournament/S%C3%B8ndag+p%C3%A5+%C3%98stkanten+37/6672322,ostkanten
6619355,Søndag på Østkanten 36,2019-10-13T14:15:00Z,https://cuescore.com/tournament/S%C3%B8ndag+p%C3%A5+%C3%98stkanten+36/6619355,ostkanten
6528625,Søndag på Østkanten 34,2019-09-29T14:20:00Z,https://cuescore.com/tournament/S%C3%B8ndag+p%C3%A5+%C3%98stkanten+34/6528625,ostkanten
6540234,Post-Makaroni,2019-09-28T21:07:00Z,https://cuescore.com/tournament/Post-Makaroni/6540234,ostkanten
6480586,Søndag på Østkanten 33,2019-09-22T15:00:00Z,https://cuescore.com/tournament/S%C3%B8ndag+p%C3%A5+%C3%98stkanten+33/6480586,ostkanten
6434887,Søndag på Østkanten 32,2019-09-15T14:15:00Z,https://cuescore.com/tournament/S%C3%B8ndag+p%C3%A5+%C3%98stkanten+32/6434887,ostkanten
6332165,Søndag på Østkanten 31,2019-09-08T14:15:00Z,https://cuescore.com/tournament/S%C3%B8ndag+p%C3%A5+%C3%98stkanten+31/6332165,ostkanten
6230261,Søndag på østkanten 30,2019-09-01T14:15:00Z,https://cuescore.com/tournament/S%C3%B8ndag+p%C3%A5+%C3%B8stkanten+30/6230261,ostkanten
6217232,Søndag på østkanten 29,2019-08-25T14:30:00Z,https://cuescore.com/tournament/S%C3%B8ndag+p%C3%A5+%C3%B8stkanten+29/6217232,ostkanten
6170716,Søndag på østkanten 28,2019-08-18T14:30:00Z,https://cuescore.com/tournament/S%C3%B8ndag+p%C3%A5+%C3%B8stkanten+28/6170716,ostkanten
6105059,Søndag på Østkanten 27,2019-08-11T14:24:00Z,https://cuescore.com/tournament/S%C3%B8ndag+p%C3%A5+%C3%98stkanten+27/6105059,ostkanten
6082606,Søndag på Østkanten 26,2019-08-04T14:39:00Z,https://cuescore.com/tournament/S%C3%B8ndag+p%C3%A5+%C3%98stkanten+26/6082606,ostkanten
5708344,Søndag på Østkanten 25,2019-06-30T14:15:00Z,https://cuescore.com/tournament/S%C3%B8ndag+p%C3%A5+%C3%98stkanten+25/5708344,ostkanten
5684785,Søndag på Østkanten 24,2019-06-23T14:30:00Z,https://cuescore.com/tournament/S%C3%B8ndag+p%C3%A5+%C3%98stkanten+24/5684785,ostkanten
5569246,Søndag på Østkanten 23,2019-06-16T14:30:00Z,https://cuescore.com/tournament/S%C3%B8ndag+p%C3%A5+%C3%98stkanten+23/5569246,ostkanten
5521514,Søndag på Østkanten 22,2019-06-09T14:15:00Z,https://cuescore.com/tournament/S%C3%B8ndag+p%C3%A5+%C3%98stkanten+22/5521514,ostkanten
5485363,Søndag på Østkanten 21,2019-06-02T15:00:00Z,https://cuescore.com/tournament/S%C3%B8ndag+p%C3%A5+%C3%98stkanten+21/5485363,ostkanten
5442763,Søndag på Østkanten 20,2019-05-26T14:15:00Z,https://cuescore.com/tournament/S%C3%B8ndag+p%C3%A5+%C3%98stkanten+20/5442763,ostkanten
5395537,Søndag på Østkanten 19,2019-05-19T14:30:00Z,https://cuescore.com/tournament/S%C3%B8ndag+p%C3%A5+%C3%98stkanten+19/5395537,ostkanten
5357536,Søndag på Østkanten 18,2019-05-12T14:15:00Z,https://cuescore.com/tournament/S%C3%B8ndag+p%C3%A5+%C3%98stkanten+18/5357536,ostkanten
5318697,Søndag på Østkanten 17,2019-05-05T14:35:00Z,https://cuescore.com/tournament/S%C3%B8ndag+p%C3%A5+%C3%98stkanten+17/5318697,ostkanten
5260955,Søndag på Østkanten 16,2019-04-28T14:15:00Z,https://cuescore.com/tournament/S%C3%B8ndag+p%C3%A5+%C3%98stkanten+16/5260955,ostkanten
5233230,Påskedag for alle @Elmers,2019-04-21T14:15:00Z,https://cuescore.com/tournament/P%C3%A5skedag+for+alle+%40Elmers/5233230,ostkanten
5201475,Søndag på Østkanten 15,2019-04-14T14:15:00Z,https://cuescore.com/tournament/S%C3%B8ndag+p%C3%A5+%C3%98stkanten+15/5201475,ostkanten
5171210,Søndag på Østkanten 14,2019-04-07T14:15:00Z,https://cuescore.com/tournament/S%C3%B8ndag+p%C3%A5+%C3%98stkanten+14/5171210,ostkanten
5127902,Søndag  på Østkanten 13,2019-03-31T14:15:00Z,https://cuescore.com/tournament/S%C3%B8ndag++p%C3%A5+%C3%98stkanten+13/5127902,ostkanten
5087144,Søndag på Østkanten 12,2019-03-24T15:25:00Z,https://cuescore.com/tournament/S%C3%B8ndag+p%C3%A5+%C3%98stkanten+12/5087144,ostkanten
5037919,Søndag på Østkanten 11,2019-03-17T15:30:00Z,https://cuescore.com/tournament/S%C3%B8ndag+p%C3%A5+%C3%98stkanten+11/5037919,ostkanten
5003230,Søndag på Østkanten 10,2019-03-10T15:15:00Z,https://cuescore.com/tournament/S%C3%B8ndag+p%C3%A5+%C3%98stkanten+10/5003230,ostkanten
4908055,Søndag på Østkanten 9,2019-03-03T15:30:00Z,https://cuescore.com/tournament/S%C3%B8ndag+p%C3%A5+%C3%98stkanten+9/4908055,ostkanten
4838564,Søndag på Østkanten 8,2019-02-24T15:08:00Z,https://cuescore.com/tournament/S%C3%B8ndag+p%C3%A5+%C3%98stkanten+8/4838564,ostkanten
4778265,Søndag på Østkanten 7,2019-02-17T15:15:00Z,https://cuescore.com/tournament/S%C3%B8ndag+p%C3%A5+%C3%98stkanten+7/4778265,ostkanten
4752699,Søndag på Østkanten 6,2019-02-10T15:30:00Z,https://cuescore.com/tournament/S%C3%B8ndag+p%C3%A5+%C3%98stkanten+6/4752699,ostkanten
4716884,Søndag på Østkanten 5,2019-02-03T15:15:00Z,https://cuescore.com/tournament/S%C3%B8ndag+p%C3%A5+%C3%98stkanten+5/4716884,ostkanten
3713822,Søndag På Østkanten 4,2019-01-27T15:16:00Z,https://cuescore.com/tournament/S%C3%B8ndag+P%C3%A5+%C3%98stkanten+4/3713822,ostkanten
3648058,Søndag på Østkanten 3,2019-01-20T15:15:00Z,https://cuescore.com/tournament/S%C3%B8ndag+p%C3%A5+%C3%98stkanten+3/3648058,ostkanten
3630613,Søndag på Østkanten 2,2019-01-13T15:00:00Z,https://cuescore.com/tournament/S%C3%B8ndag+p%C3%A5+%C3%98stkanten+2/3630613,ostkanten
3601826,Søndag på Østkanten 1,2019-01-06T15:30:00Z,https://cuescore.com/tournament/S%C3%B8ndag+p%C3%A5+%C3%98stkanten+1/3601826,ostkanten
3516327,Søndag på Elmers,2018-12-16T15:45:00Z,https://cuescore.com/tournament/S%C3%B8ndag+p%C3%A5+Elmers/3516327,ostkanten
3442107,Søndag på Elmers,2018-12-09T15:15:00Z,https://cuescore.com/tournament/S%C3%B8ndag+p%C3%A5+Elmers/3442107,ostkanten
3432503,Søndag på Elmers,2018-12-02T15:15:00Z,https://cuescore.com/tournament/S%C3%B8ndag+p%C3%A5+Elmers/3432503,ostkanten
3389652,SØNDAG PÅ ELMERS,2018-11-25T15:00:00Z,https://cuescore.com/tournament/S%C3%98NDAG+P%C3%85+ELMERS/3389652,ostkanten
3366242,Søndag på Elmers,2018-11-18T15:30:00Z,https://cuescore.com/tournament/S%C3%B8ndag+p%C3%A5+Elmers/3366242,ostkanten
3339596,Søndag på Elmers,2018-11-11T15:15:00Z,https://cuescore.com/tournament/S%C3%B8ndag+p%C3%A5+Elmers/3339596,ostkanten
3304177,Søndag på Elmers,2018-11-04T15:30:00Z,https://cuescore.com/tournament/S%C3%B8ndag+p%C3%A5+Elmers/3304177,ostkanten
3290237,Søndag på Elmers,2018-10-28T15:00:00Z,https://cuescore.com/tournament/S%C3%B8ndag+p%C3%A5+Elmers/3290237,ostkanten
3220248,Søndag på Elmers,2018-10-21T14:15:00Z,https://cuescore.com/tournament/S%C3%B8ndag+p%C3%A5+Elmers/3220248,ostkanten
3213959,Søndag på Elmers,2018-10-14T14:15:00Z,https://cuescore.com/tournament/S%C3%B8ndag+p%C3%A5+Elmers/3213959,ostkanten
3179108,Elmers Søndagsturnering,2018-10-07T14:00:00Z,https://cuescore.com/tournament/Elmers+S%C3%B8ndagsturnering/3179108,ostkanten
3148890,Sunday at the Elm,2018-09-30T14:15:00Z,https://cuescore.com/tournament/Sunday+at+the+Elm/3148890,ostkanten
3110252,Sunday at the Elm,2018-09-23T14:00:00Z,https://cuescore.com/tournament/Sunday+at+the+Elm/3110252,ostkanten
3076704,Sunday at the Elm,2018-09-16T14:30:00Z,https://cuescore.com/tournament/Sunday+at+the+Elm/3076704,ostkanten
2991101,Søndag @Elmers,2018-09-09T14:30:00Z,https://cuescore.com/tournament/S%C3%B8ndag+%40Elmers/2991101,ostkanten
2945144,Søndag @ Elmer's,2018-09-02T14:00:00Z,https://cuescore.com/tournament/S%C3%B8ndag+%40+Elmer%27s/2945144,ostkanten
2888168,Sunday at the Elm,2018-08-19T14:15:00Z,https://cuescore.com/tournament/Sunday+at+the+Elm/2888168,ostkanten
2856324,Elmers Søndagsturnering 12.08.18,2018-08-12T14:00:00Z,https://cuescore.com/tournament/Elmers+S%C3%B8ndagsturnering+12.08.18/2856324,ostkanten
2839193,Østkanten søndag,2018-08-05T14:18:00Z,https://cuescore.com/tournament/%C3%98stkanten+s%C3%B8ndag/2839193,ostkanten
2819064,Elmers Søndagsturnering,2018-07-29T14:00:00Z,https://cuescore.com/tournament/Elmers+S%C3%B8ndagsturnering/2819064,ostkanten
2766676,Summer at the Elm,2018-07-08T14:15:00Z,https://cuescore.com/tournament/Summer+at+the+Elm/2766676,ostkanten
2748626,Elmers Søndag,2018-07-01T14:00:00Z,https://cuescore.com/tournament/Elmers+S%C3%B8ndag/2748626,ostkanten
2721458,Sunday at the Elm,2018-06-24T14:15:00Z,https://cuescore.com/tournament/Sunday+at+the+Elm/2721458,ostkanten
2686514,Elmers Søndagsturnering,2018-06-17T14:00:00Z,https://cuescore.com/tournament/Elmers+S%C3%B8ndagsturnering/2686514,ostkanten
2635604,Sunday at the Elm,2018-06-03T14:15:00Z,https://cuescore.com/tournament/Sunday+at+the+Elm/2635604,ostkanten
2581132,Konstituerende turnering Østkanten biljardklubb,2018-05-15T17:35:00Z,https://cuescore.com/tournament/Konstituerende+turnering+%C3%98stkanten+biljardklubb/2581132,ostkanten
2556601,Sunday at the Elm,2018-05-13T14:15:00Z,https://cuescore.com/tournament/Sunday+at+the+Elm/2556601,ostkanten
2470910,Sunday at the Elm,2018-05-06T14:15:00Z,https://cuescore.com/tournament/Sunday+at+the+Elm/2470910,ostkanten
2421883,Sunday at the Elm 16,2018-04-29T14:30:00Z,https://cuescore.com/tournament/Sunday+at+the+Elm+16/2421883,ostkanten
2381371,Elmers Søndagsturnering 22.04.18,2018-04-22T14:00:00Z,https://cuescore.com/tournament/Elmers+S%C3%B8ndagsturnering+22.04.18/2381371,ostkanten
2349509,Sunday at the Elm 14,2018-04-15T14:15:00Z,https://cuescore.com/tournament/Sunday+at+the+Elm+14/2349509,ostkanten
2288003,Elmers Påsketurnering,2018-04-01T14:00:00Z,https://cuescore.com/tournament/Elmers+P%C3%A5sketurnering/2288003,ostkanten
2255568,Elmers Søndagtsturnering - 25.03.18,2018-03-25T14:00:00Z,https://cuescore.com/tournament/Elmers+S%C3%B8ndagtsturnering+-+25.03.18/2255568,ostkanten
2242098,Sunday at the Elm 11,2018-03-18T15:45:00Z,https://cuescore.com/tournament/Sunday+at+the+Elm+11/2242098,ostkanten
2220783,Sunday at the Elm 10,2018-03-11T15:00:00Z,https://cuescore.com/tournament/Sunday+at+the+Elm+10/2220783,ostkanten
2203992,Sunday at the Elm 9 2018,2018-03-04T15:15:00Z,https://cuescore.com/tournament/Sunday+at+the+Elm+9+2018/2203992,ostkanten
2171937,SøndagsTurnering på Elmers- 8-ball - 25.02.18,2018-02-25T15:00:00Z,https://cuescore.com/tournament/S%C3%B8ndagsTurnering+p%C3%A5+Elmers-+8-ball+-+25.02.18/2171937,ostkanten
2154369,Sunday at the Elm 7,2018-02-18T15:15:00Z,https://cuescore.com/tournament/Sunday+at+the+Elm+7/2154369,ostkanten
2133509,Elmers - 9-ball - 11.02.18,2018-02-11T15:00:00Z,https://cuescore.com/tournament/Elmers+-+9-ball+-+11.02.18/2133509,ostkanten
2122559,Sunday at the Elm 5,2018-02-04T15:15:00Z,https://cuescore.com/tournament/Sunday+at+the+Elm+5/2122559,ostkanten
2092863,Elmers - Runde 4 - 28.01.18,2018-01-28T15:00:00Z,https://cuescore.com/tournament/Elmers+-+Runde+4+-+28.01.18/2092863,ostkanten
2038866,Sunday at the Elm 1 2018,2018-01-07T15:15:00Z,https://cuescore.com/tournament/Sunday+at+the+Elm+1+2018/2038866,ostkanten
2020597,søndag 17-12-17,2017-12-17T15:30:00Z,https://cuescore.com/tournament/s%C3%B8ndag+17-12-17/2020597,ostkanten
2012510,Sunday at the Elm,2017-12-10T15:15:00Z,https://cuescore.com/tournament/Sunday+at+the+Elm/2012510,ostkanten
1996330,Søndagsturnering,2017-12-03T15:15:00Z,https://cuescore.com/tournament/S%C3%B8ndagsturnering/1996330,ostkanten
1967786,Søndagsturnering,2017-11-19T14:38:00Z,https://cuescore.com/tournament/S%C3%B8ndagsturnering/1967786,ostkanten
1942882,Elmers - Høst 2017 - Runde 13,2017-11-05T15:00:00Z,https://cuescore.com/tournament/Elmers+-+H%C3%B8st+2017+-+Runde+13/1942882,ostkanten
