year,tournaments,pool_tournaments,non_handicap_frames,match_score_frames,tournaments_obk,games_obk,tournaments_ostkanten,games_ostkanten,tournaments_both,games_both
2017,51,51,4337,4337,46,3752,5,585,0,0
2018,170,170,9086,9086,128,8102,42,984,0,0
2019,215,215,8164,8164,169,7369,46,795,0,0
2020,142,142,7513,7513,109,6757,33,756,0,0
2021,99,99,6785,6785,75,6061,24,724,0,0
2022,161,161,6130,6130,111,4700,50,1430,0,0
2023,186,186,3790,3790,145,3381,41,409,0,0
2024,204,204,4834,4834,161,4400,43,434,0,0
2025,224,224,26358,1713,180,19711,44,6647,0,0
2026,144,144,25484,23,109,17969,35,7515,0,0
